2012;7;35;25;37;9;44;10;46;48;0;17;31;33;35;47;7;016130
2003;19;4;37;2;20;41;19;45;4;8;35;48;18;27;27;12;017054
2014;52;27;12;11;26;39;26;13;11;22;23;13;18;39;6;22;061020
2003;27;20;27;15;1;7;13;37;24;47;21;37;7;12;37;48;091061
2019;51;9;41;46;35;26;45;21;8;4;10;24;44;32;3;28;060049
2011;49;5;21;34;34;19;41;30;14;21;17;37;18;27;20;6;012130
2001;20;12;3;46;5;38;41;40;49;27;18;33;2;39;37;50;041003
2008;51;11;35;30;50;11;18;30;34;6;18;47;33;5;14;7;012061
2019;4;25;13;29;2;45;14;32;35;33;19;35;4;47;46;16;065041
2012;46;35;11;27;35;46;5;35;12;40;31;25;43;34;13;38;002061
2013;21;7;41;42;27;48;30;36;14;0;35;8;5;34;19;46;007001
2017;21;16;18;19;23;40;35;24;13;37;15;33;22;33;45;9;017132
2000;25;3;13;33;4;3;12;24;30;27;21;42;29;28;7;49;097046
2003;43;21;40;9;16;27;26;17;19;41;20;46;9;16;11;37;091077
2018;19;20;10;20;11;41;48;23;30;50;41;28;14;42;26;9;094018
2014;15;15;37;42;40;30;35;24;21;22;5;15;9;49;34;40;018167
2001;27;40;11;30;20;3;27;19;39;11;1;49;3;15;37;7;084039
2016;11;40;44;1;19;28;37;44;33;9;9;18;8;1;22;42;008017
2001;48;8;43;25;25;13;19;13;7;24;37;39;36;0;28;32;073003
2020;50;49;45;31;0;37;32;22;7;34;41;11;25;16;35;39;012103
2018;3;25;43;27;50;44;43;10;28;43;45;2;28;15;18;27;001231
2015;7;9;21;44;48;0;25;11;11;29;6;30;0;38;16;28;069072
2005;10;14;1;21;2;26;6;40;18;9;28;43;44;26;22;21;011010
2012;31;25;17;9;25;5;0;31;33;27;37;11;49;3;11;16;029030
2013;44;45;28;50;30;26;3;27;40;13;17;1;42;46;4;2;018001
2012;36;49;16;26;4;39;48;13;50;14;35;41;25;28;45;10;075077
2007;2;28;22;49;38;26;49;39;5;10;24;8;14;32;36;26;030019
2007;39;19;37;47;48;8;26;4;45;26;27;15;22;3;37;13;034036
2000;1;45;41;30;49;27;15;2;22;12;26;6;47;4;29;9;066071
2019;14;26;49;49;49;3;23;30;34;11;39;40;12;2;50;4;001139
2018;35;34;41;13;21;38;44;35;40;28;38;1;38;48;44;6;028039
2013;8;16;34;14;3;40;48;31;7;36;33;50;10;3;35;25;066023
2019;20;8;46;28;38;47;48;46;13;38;21;44;40;9;9;15;083090
2015;3;42;4;23;50;12;45;26;12;31;30;18;9;18;1;2;058093
2001;6;22;40;6;37;43;38;31;47;18;16;19;8;14;40;22;001043
2006;16;47;23;21;40;35;48;22;26;37;5;39;36;27;43;37;057064
2017;43;40;41;35;44;16;6;17;23;41;8;34;7;19;50;21;073002
2017;12;49;9;49;28;7;20;45;42;49;37;19;42;6;25;1;025004
2017;26;16;18;33;18;50;45;26;23;14;31;23;6;33;50;19;030092
2014;17;8;24;27;22;15;37;45;36;31;14;48;16;34;30;5;068019
2019;26;46;22;9;34;20;33;11;34;34;8;40;37;20;12;28;015070
2010;32;25;43;23;1;5;41;40;10;45;25;26;1;32;10;27;079122
2002;17;15;30;13;27;35;45;17;44;15;43;35;39;12;46;17;018072
2019;24;7;35;9;23;29;2;5;8;29;16;47;41;20;35;31;018149
2012;48;27;21;2;13;31;6;25;41;7;28;27;38;39;0;30;035011
2013;12;46;39;40;38;18;20;25;11;43;9;21;35;41;22;35;056041
2014;24;49;50;11;32;38;22;24;20;23;8;47;0;22;27;32;001261
2008;12;19;5;14;44;19;20;35;39;2;21;39;35;10;17;33;079088
2009;43;0;35;42;30;39;33;0;48;3;34;19;44;34;1;35;043043
2013;22;34;14;1;40;43;32;18;32;20;18;31;44;47;22;2;087038
2012;33;13;34;8;5;40;44;33;32;15;4;5;18;37;8;28;060027
2014;42;32;49;31;43;43;1;13;32;38;37;20;13;11;25;10;084019
2017;21;34;42;16;29;9;48;37;29;24;36;43;16;18;6;7;006050
2012;45;21;17;6;45;33;21;48;6;38;42;34;46;11;6;11;024114
2003;39;19;17;50;45;33;38;46;49;27;15;45;14;26;15;50;093020
2011;29;50;33;44;41;9;35;46;34;40;26;5;14;4;21;10;066035
2000;9;1;29;42;16;24;21;34;14;7;46;2;39;2;9;20;064051
2005;4;28;10;40;3;47;21;19;42;39;5;16;20;20;41;28;017080
2011;17;44;43;23;36;32;46;5;32;16;23;8;31;42;34;38;037055
2016;25;5;18;36;48;1;6;32;42;3;33;37;4;8;8;46;061005
2008;44;27;33;33;49;36;35;30;34;28;25;22;3;26;1;18;049005
2003;26;49;6;1;6;13;32;41;44;36;27;22;14;3;15;50;061056
2002;10;32;11;10;39;20;31;44;38;49;45;10;7;31;36;11;015026
2020;29;47;43;30;36;7;21;28;7;16;34;36;4;23;26;45;026026
2015;52;17;11;50;27;39;26;2;42;19;40;33;16;41;43;43;074005
2016;34;4;42;14;9;44;2;36;24;30;14;26;50;9;50;32;010039
2014;35;3;26;46;27;9;45;36;40;13;11;16;30;13;28;26;017173
2012;31;21;13;2;43;2;41;2;16;6;41;50;34;30;47;6;056050
2019;48;6;18;46;28;15;26;14;23;12;48;36;46;6;24;5;015188
2003;50;47;49;32;29;0;50;32;31;5;0;24;49;10;43;17;043039
2016;50;13;0;5;42;38;40;46;19;36;40;0;46;13;46;15;016176
2019;23;25;13;10;37;16;42;10;5;27;11;42;45;42;46;31;015116
2019;21;48;10;24;23;45;48;3;22;25;26;33;30;50;12;25;097087
2015;50;17;10;31;17;40;29;30;50;38;30;21;43;50;39;14;070020
2018;12;9;44;48;20;41;24;5;6;22;12;46;30;14;38;12;054002
2006;33;24;12;44;6;25;15;22;6;25;13;7;3;20;36;15;097037
2002;35;40;15;3;35;8;1;30;0;42;4;41;37;42;10;12;001105
2009;8;33;32;50;33;2;27;17;32;31;10;32;19;5;31;16;071016
2010;27;34;35;39;20;34;29;44;43;21;42;14;7;39;17;48;078102
2013;29;22;34;16;32;35;4;11;40;22;7;21;39;35;16;40;066065
2000;22;36;10;40;39;38;32;27;22;22;9;7;44;29;40;45;016008
2012;46;8;3;3;41;28;21;23;31;11;35;49;50;3;36;43;079017
2011;14;50;31;43;16;17;11;21;18;40;36;8;24;23;1;33;005072
2004;47;49;39;15;30;7;40;26;23;49;48;45;35;34;6;49;023080
2013;36;2;29;25;39;43;34;20;33;39;33;28;17;41;7;50;048015
2002;25;49;36;33;35;28;37;44;47;0;20;21;14;30;32;8;080059
2004;3;24;8;44;31;27;27;49;18;13;13;46;41;9;2;10;078086
2012;38;36;29;5;4;30;33;12;41;42;17;10;47;9;33;33;022133
2018;14;47;39;29;37;32;27;13;47;24;49;18;13;37;24;42;001241
2008;1;28;5;32;1;17;21;32;18;37;39;5;26;35;14;13;007036
2007;9;45;48;16;0;13;45;49;14;19;32;39;50;47;1;36;001041
2020;40;39;23;7;16;45;17;33;49;20;42;3;45;29;30;2;095070
2007;43;48;15;32;41;49;27;42;2;38;5;27;24;49;12;20;020060
2005;50;40;24;24;30;34;49;41;49;12;46;7;46;30;22;15;006044
2020;33;30;4;34;36;23;21;35;11;12;31;28;4;42;30;49;013195
2001;49;50;4;3;46;47;1;36;30;35;30;15;22;3;16;7;026009
2002;18;13;47;38;21;3;6;11;7;46;3;43;20;8;49;48;044002
2017;16;26;40;2;44;22;22;21;3;15;2;16;45;23;5;44;057028
2007;30;44;14;9;4;24;32;47;35;17;11;33;21;2;43;7;029036
2007;40;1;9;3;12;6;13;6;7;2;9;10;10;11;10;6;018029
2019;3;2;10;11;15;8;3;9;9;7;7;7;7;13;3;10;017150
2004;45;11;14;12;7;7;12;8;9;10;9;13;15;1;6;15;037028
2006;25;4;6;8;7;14;11;1;13;5;10;6;13;9;15;4;017094
2019;21;3;14;2;14;5;13;1;7;10;8;14;1;14;14;3;022186
2020;47;2;4;7;8;14;6;5;14;3;2;15;4;4;12;3;068038
2009;2;8;5;14;14;14;4;14;8;9;11;2;9;13;15;11;065061
2016;22;8;4;13;14;10;8;12;14;5;12;11;6;2;15;7;098026
2017;35;2;4;4;15;6;14;3;6;2;5;5;1;1;12;12;097077
2014;45;8;2;1;10;9;10;12;2;4;7;3;9;9;2;10;051024
2004;29;12;12;6;4;8;10;4;9;11;4;7;12;15;1;15;006187
2001;8;11;5;8;1;6;6;3;2;10;14;2;13;11;4;6;001003
2006;12;14;14;5;5;5;11;15;3;15;5;3;1;13;2;8;028007
2013;15;11;14;4;5;15;2;2;1;8;2;11;4;6;7;8;016246
2016;2;15;3;14;10;8;6;7;13;1;8;4;7;1;14;13;002067
2010;10;11;1;9;13;13;3;1;5;1;14;4;11;3;3;15;018126
2003;15;9;12;3;6;9;3;4;3;13;14;2;14;13;2;6;043042
2019;9;7;1;11;3;9;13;12;1;15;15;7;6;10;13;14;009029
2020;35;9;2;9;12;8;13;10;14;13;14;2;6;9;7;1;091071
2012;36;2;14;15;5;14;9;8;7;9;6;10;14;13;1;4;013131
2002;18;14;10;11;12;12;8;5;2;11;13;13;4;4;6;8;072035
2016;26;11;1;8;6;6;2;1;3;15;4;11;11;10;7;14;052004
2000;14;7;10;14;2;14;5;6;12;1;12;1;10;14;13;5;022123
2011;26;6;1;14;7;14;1;4;7;15;12;2;14;11;5;12;108035
2017;29;7;15;4;13;5;9;14;12;3;7;5;7;14;13;6;037025
2000;41;2;3;13;12;10;15;6;5;15;14;11;9;6;6;12;015103
2020;51;7;4;7;1;3;5;1;11;9;11;15;14;11;9;8;018083
2020;17;13;5;7;14;11;3;11;6;7;10;15;8;15;10;4;080080
2018;51;9;8;8;1;10;8;9;9;11;12;12;14;10;3;8;086003
2002;20;10;12;4;7;1;13;9;11;5;7;3;2;4;1;1;023091
2009;4;2;11;12;14;10;6;10;11;1;6;2;14;3;12;4;025027
2019;46;11;5;15;12;15;6;5;5;4;10;6;2;1;7;3;025053
2019;31;9;9;15;13;4;15;10;5;3;11;8;14;5;10;14;010031
2005;17;9;5;15;11;14;4;10;3;15;6;14;13;6;4;3;103056
2003;17;1;13;2;8;9;2;15;11;2;2;9;15;13;10;6;098041
2019;42;14;10;4;2;15;14;15;1;3;2;11;9;14;10;9;022041
2008;43;4;13;1;13;4;14;8;3;11;7;6;1;10;6;10;026090
2007;41;5;5;10;12;6;12;15;2;11;1;3;9;8;15;10;073024
2005;29;5;1;9;13;10;13;7;1;5;7;4;2;12;5;4;062022
2015;19;12;2;10;5;7;14;8;2;2;10;6;6;13;10;5;035016
2014;37;10;4;6;4;5;4;6;6;7;6;1;6;9;4;9;016247
2018;7;3;4;2;2;11;5;6;3;9;12;4;9;15;15;1;050022
2014;13;4;14;6;10;9;3;1;1;9;7;14;6;1;12;11;065038
2001;47;8;3;10;3;1;5;12;15;15;3;4;13;9;5;10;004073
2018;4;1;13;12;7;5;12;15;1;9;12;13;13;15;5;6;001106
2014;12;2;2;14;5;6;7;9;12;9;6;4;7;12;1;13;067042
2008;46;6;10;15;13;8;1;9;15;11;15;1;4;11;5;1;067045
2019;5;4;8;8;11;7;9;8;9;2;2;5;1;9;9;8;018071
2007;15;8;9;8;11;14;15;12;10;14;14;1;10;15;14;1;078023
2005;4;2;12;8;12;9;2;13;14;3;5;13;1;9;5;11;073003
2001;44;1;5;9;7;15;10;1;2;13;2;14;11;11;11;2;064085
2006;7;1;11;14;3;13;9;11;14;1;4;9;14;1;11;13;077016
2001;17;10;4;1;4;8;5;12;13;15;15;13;3;3;12;5;059024
2019;13;1;2;6;2;7;11;15;14;9;10;4;15;3;9;6;001082
2003;7;1;11;15;12;15;4;14;13;14;13;14;11;1;13;10;109015
2015;12;8;3;5;4;1;13;7;7;10;14;1;4;7;9;2;043001
2016;13;1;7;8;15;6;13;1;7;12;8;9;14;2;12;1;001064
2004;40;3;3;12;7;6;15;3;14;3;13;8;6;2;6;9;109013
2009;26;10;1;15;6;6;8;15;12;13;14;3;14;7;13;2;063030
2003;14;10;14;5;1;2;12;14;3;7;11;4;6;5;12;3;024076
2007;42;9;11;2;5;5;14;11;1;4;15;13;8;3;14;9;012025
2011;30;13;9;13;10;15;2;15;7;15;3;13;15;4;6;2;071017
2013;1;12;15;15;10;9;15;6;3;1;4;7;14;13;6;7;017136
2016;34;4;1;2;4;3;11;4;1;12;14;3;2;15;6;3;059033
2017;11;12;14;14;8;1;3;9;2;8;11;7;9;15;3;13;097046
2019;36;13;5;14;1;12;5;6;14;1;13;14;11;4;11;4;014019
2020;27;1;10;9;14;14;9;2;4;10;5;4;12;9;5;12;068004
2020;10;6;6;15;3;13;13;5;4;2;8;8;12;10;6;10;050017
2005;48;4;8;14;9;8;8;14;11;6;9;7;3;8;13;1;015009
2007;3;2;11;5;3;7;3;5;9;7;12;15;10;15;7;15;035006
2013;27;5;5;11;2;10;10;2;5;12;5;15;2;11;4;9;006180
2018;38;6;1;1;15;9;11;13;10;4;6;13;12;2;12;2;044032
2011;16;1;5;6;8;12;12;15;4;14;5;6;13;3;8;13;009024
2007;43;12;5;12;6;15;8;2;12;3;8;6;4;13;11;13;050023
2020;41;14;6;1;3;2;7;9;13;3;11;12;11;7;10;3;001225
2005;2;1;8;1;1;11;15;11;14;4;6;6;8;11;3;11;064093
2007;5;12;13;2;6;9;10;9;9;5;5;12;10;1;7;4;021111
2005;39;14;4;15;14;13;8;3;7;5;15;2;7;15;13;1;051038
2001;5;1;1;3;4;1;6;15;8;7;1;14;11;10;14;8;019060
2012;25;13;11;7;14;14;5;13;6;14;14;8;12;12;14;6;080074
2001;16;7;3;7;14;3;12;14;8;4;7;12;3;5;5;4;077009
2012;40;5;4;6;2;9;7;4;11;1;5;12;9;12;3;8;022146
2007;12;2;8;2;11;2;6;15;10;8;5;2;3;11;8;10;089005
2020;33;12;1;4;4;14;4;6;4;9;8;1;11;15;13;14;102012
2010;37;12;11;15;14;8;1;7;6;6;13;2;11;2;6;7;026055
2011;52;14;15;15;10;6;11;15;12;11;13;1;4;3;6;11;033005
2017;20;1;6;12;15;1;14;12;15;12;12;3;12;10;5;9;107020
2003;23;3;8;6;15;1;8;10;13;9;1;15;7;10;6;3;003095
2004;27;2;8;14;7;9;8;8;4;5;15;14;4;15;7;5;064117
2020;42;13;12;11;14;15;14;4;12;8;5;8;7;14;10;1;070072
2006;15;6;11;15;5;2;15;1;2;4;8;2;9;9;12;6;022210
2010;1;7;5;9;9;11;4;6;1;9;7;13;2;13;1;5;075093
2019;11;14;8;2;2;4;7;7;8;12;7;9;14;8;13;13;062011
2008;3;10;13;2;8;7;1;12;13;12;7;3;14;14;12;1;056030
2017;9;4;9;11;6;2;11;2;2;10;15;14;8;9;4;10;012108
2002;16;8;3;6;3;15;13;13;10;15;10;11;4;9;13;12;022125
2011;21;8;13;15;15;11;1;10;1;10;10;11;10;6;10;8;050019
2005;24;1;5;15;1;14;7;11;4;3;3;14;8;11;9;9;047016
2010;32;14;3;5;10;6;8;7;9;7;3;4;14;2;14;2;026062
2006;17;10;11;13;9;6;6;4;8;14;3;8;15;11;5;6;103008
2017;23;6;7;14;2;3;13;14;11;1;11;14;14;4;5;11;028048
2019;32;14;1;5;12;10;12;14;8;3;13;2;5;4;5;9;018070
2004;42;9;13;4;1;1;4;1;3;6;10;8;2;14;1;3;061099
2014;8;11;13;3;12;3;13;13;1;4;4;9;10;5;8;9;055009
2003;26;4;11;2;6;10;12;15;14;13;6;11;11;3;12;4;006106
2012;6;3;5;5;6;15;4;2;7;11;6;9;4;3;5;15;092110
2015;49;3;5;5;3;5;6;2;14;5;11;14;1;12;4;1;052004
2014;14;14;1;12;8;13;6;10;7;5;9;2;1;6;6;2;002104
2000;28;8;9;6;10;14;3;5;6;4;5;13;3;2;11;7;002158
2019;23;14;7;1;2;14;1;12;13;5;11;6;9;4;8;14;001023
2011;3;14;5;3;11;1;4;4;7;2;15;11;12;5;11;7;095071
2006;39;7;11;15;1;13;14;13;2;9;7;5;11;14;2;2;049001
2005;3;2;4;3;15;7;13;1;3;12;7;9;6;11;9;13;066078
2008;41;2;9;5;1;2;14;2;5;1;14;5;1;4;14;8;071060
2014;49;9;8;10;14;3;6;3;14;4;9;14;4;6;4;6;004140
2009;52;1;2;5;5;10;10;1;13;15;10;8;4;11;13;1;013085
2003;30;10;12;7;12;8;3;11;14;12;10;15;9;13;6;1;063072
2012;47;14;13;10;6;12;12;14;2;11;5;7;3;6;5;15;015139
2016;16;10;2;6;5;12;8;1;8;6;9;5;10;6;7;10;004239
2012;36;2;4;12;9;8;14;14;9;6;9;11;7;2;2;5;002002
2013;30;15;14;12;9;1;14;14;6;4;5;3;12;2;8;8;007046
2020;27;4;10;8;14;12;14;1;1;7;3;10;4;4;10;10;030080
2007;39;15;4;14;3;5;1;7;12;9;13;13;8;5;2;4;026061
2003;51;9;9;4;4;5;6;14;9;11;5;12;3;6;4;12;042009
2002;36;3;11;14;14;2;1;4;10;13;11;11;10;2;9;14;001266
2004;27;1;1;4;11;10;7;13;3;11;1;8;3;13;4;15;018071
2009;50;14;8;15;13;1;11;2;15;7;11;14;14;6;12;4;027024
2015;13;5;11;13;2;14;10;6;1;3;15;11;12;2;4;1;046023
2005;32;4;6;11;14;13;15;4;12;13;4;15;12;14;2;14;061060
2004;2;11;13;12;14;11;2;3;12;3;14;2;13;7;3;5;007070
2001;4;10;13;7;3;8;13;8;4;5;2;12;1;3;5;9;019066
2005;43;1;1;13;6;13;11;3;2;1;14;4;8;11;1;6;064108
2009;23;13;3;11;9;12;14;9;9;9;7;15;7;8;10;15;001089
2013;27;13;5;5;13;12;7;12;6;12;15;6;4;6;12;12;018139
2019;49;12;8;13;9;4;3;14;7;1;12;15;8;2;6;13;070020
2020;9;1;8;12;8;13;4;2;10;13;3;11;12;4;10;15;056051
2013;48;8;10;5;3;4;14;12;10;13;7;7;9;3;14;11;017049
2010;50;5;10;7;12;12;14;6;15;10;10;1;2;8;11;1;017090
2011;6;13;4;3;15;12;7;11;4;3;13;9;1;9;12;11;008057
2019;45;9;13;9;8;5;5;11;5;3;13;4;11;14;9;3;078020
2001;35;14;14;2;14;3;5;1;12;5;8;10;13;2;2;11;083079
2019;36;12;14;9;15;6;10;8;8;7;14;15;2;4;15;7;004122
2014;25;3;14;2;9;13;2;13;12;9;2;9;6;5;12;13;012140
2011;12;14;10;11;4;11;4;11;9;9;4;8;1;12;4;2;051024
2019;12;6;14;14;13;1;9;7;12;2;7;12;4;12;8;6;012041
2008;31;10;6;10;10;5;7;3;3;9;13;12;2;15;1;14;013065
2014;26;6;14;3;10;6;2;3;10;1;6;1;13;9;9;6;005075
2009;10;9;13;7;3;14;11;12;13;2;14;1;2;7;13;13;079114
2001;30;1;6;3;5;15;2;7;8;7;9;14;4;13;2;1;052006
2018;39;5;13;15;10;14;6;8;15;12;8;2;2;9;5;4;004002
2014;34;14;4;15;8;7;3;5;2;11;5;8;10;1;2;2;001220
2008;52;1;2;8;13;7;7;8;7;14;14;10;15;9;13;1;100005
2011;3;12;14;11;1;8;3;4;1;10;10;1;3;12;13;7;004010
2017;3;1;12;6;3;15;10;14;12;4;3;5;2;13;4;10;083087
2005;8;6;12;1;13;4;12;4;13;2;1;12;8;1;14;12;066026
2019;29;15;4;5;13;9;2;7;8;4;9;2;6;12;14;2;066101
2006;9;4;3;2;15;1;12;5;3;1;10;9;13;5;9;9;065115
2015;32;2;5;4;12;7;2;3;13;14;7;13;3;1;13;11;076076
2001;38;13;13;15;12;6;4;9;6;14;1;2;3;4;10;5;065122
2009;45;3;12;9;2;8;7;8;3;11;3;14;10;6;11;14;067024
2010;19;13;11;10;12;5;12;2;6;12;15;12;4;9;8;12;063028
2020;23;11;2;2;2;6;1;6;4;8;1;7;15;9;7;13;069084
2005;7;3;14;5;2;6;2;11;10;4;9;9;10;13;12;1;102014
2013;18;15;9;10;4;8;14;9;10;9;3;14;10;8;8;15;093046
2012;4;3;12;8;3;1;9;15;4;4;7;5;8;3;5;9;104005
2020;31;6;12;10;5;9;2;5;5;12;4;6;3;13;7;6;056034
2010;23;6;3;1;14;12;2;14;7;4;5;13;10;10;12;11;065089
2012;29;8;12;14;2;12;14;9;4;9;12;2;5;4;11;11;023093
2006;11;13;7;4;14;1;13;5;9;11;13;10;8;15;8;3;094015
2012;49;1;10;3;9;10;9;10;5;14;6;1;8;2;14;8;038003
2018;27;5;6;3;6;5;2;8;4;12;7;8;5;3;6;7;035019
2000;26;7;2;1;11;3;14;2;13;5;7;15;5;4;14;11;017027
2008;24;12;5;12;2;8;15;8;13;8;8;1;8;11;6;13;004179
2005;22;5;5;4;14;14;9;15;8;1;4;13;9;3;13;5;090046
2011;48;3;12;5;13;7;1;13;1;9;1;3;8;3;4;15;037018
2011;41;9;13;6;8;4;8;13;12;9;11;9;12;15;11;2;051028
2012;8;1;7;3;2;6;12;7;14;5;6;4;11;8;1;4;022009
2018;34;9;7;4;7;8;2;5;12;2;1;13;12;1;12;9;108001
2003;31;15;11;12;13;11;10;3;5;7;14;10;3;1;9;6;031022
2011;11;11;11;1;12;13;12;12;1;11;11;9;14;2;5;11;082014
2013;4;15;8;13;6;13;14;12;7;3;10;3;4;7;11;15;006100
2016;39;6;1;7;8;1;9;6;15;5;14;3;8;4;13;13;075044
2004;17;5;4;15;5;6;11;11;6;3;7;7;2;11;10;3;078053
2016;42;10;9;14;3;2;4;10;12;1;4;6;14;10;13;5;012121
2020;25;11;6;9;14;8;5;7;8;10;8;1;8;1;2;12;043003
2019;29;3;11;12;9;11;1;8;3;4;6;5;13;11;4;7;018173
2009;9;12;15;10;6;3;13;2;6;13;8;3;10;3;15;12;078121
2001;36;14;15;7;14;12;11;11;15;7;8;10;1;2;2;11;004167
2017;43;3;10;14;15;6;13;10;6;14;6;13;9;15;8;10;014026
2020;11;2;5;5;3;6;3;8;7;1;14;3;10;3;13;9;026095
2016;37;1;3;8;15;12;4;13;11;1;4;13;1;2;7;1;032004
2018;51;11;1;6;15;11;12;13;3;9;4;8;3;12;9;7;066081
2016;7;10;7;11;11;2;15;10;9;13;5;12;5;14;3;1;058064
2005;21;11;10;9;8;10;5;4;12;1;15;15;2;3;12;7;006069
2011;52;12;13;5;12;10;4;11;13;10;8;11;6;2;2;14;094013
2003;23;5;13;13;15;2;7;15;8;8;5;9;7;15;1;9;078080
2006;29;15;14;2;9;8;9;5;10;5;2;7;11;5;8;14;008010
2003;2;10;6;7;5;12;8;4;3;6;6;4;6;5;10;12;007017
2013;26;13;10;13;9;3;8;4;5;6;15;10;2;11;1;8;072039
2000;40;3;8;1;6;9;8;14;15;10;2;11;14;12;8;14;046026
2015;44;8;3;14;7;12;4;11;2;15;3;2;4;5;14;15;022077
2012;4;3;4;6;11;2;12;6;13;12;10;3;8;15;2;4;049016
2001;22;6;6;13;1;6;14;3;11;2;6;11;6;9;2;15;088008
2007;18;12;10;4;10;7;2;7;3;3;15;2;5;5;15;8;015085
2009;39;5;3;3;11;10;7;7;6;12;2;12;12;6;4;13;060070
2010;39;2;8;15;4;5;1;15;12;13;4;7;1;2;5;5;096065
2018;29;7;7;1;8;12;11;3;3;10;12;13;3;2;1;15;005120
2012;23;13;13;9;1;3;3;12;3;14;5;8;13;7;10;7;001092
2019;3;13;14;8;8;10;14;5;13;1;6;8;9;11;13;13;094048
2017;23;15;1;14;8;4;10;13;1;15;8;11;15;1;15;3;021024
2000;21;2;6;2;4;3;11;10;11;4;4;15;4;2;9;15;024077
2015;14;1;7;13;4;1;15;12;9;9;3;4;12;12;2;15;104019
2010;33;3;13;13;8;8;14;2;3;3;5;9;14;3;2;1;048013
2019;7;8;5;12;11;11;2;5;12;13;14;4;9;8;9;11;022167
2013;51;5;12;4;14;9;11;15;13;14;4;9;5;12;7;4;098061
2004;36;9;8;4;14;10;3;15;6;4;1;1;4;12;3;8;028017
2012;47;6;4;8;1;12;7;9;1;3;2;3;4;3;8;2;004029
2010;36;15;12;1;3;5;10;4;9;11;3;5;3;12;6;8;063015
2006;35;9;9;5;6;13;3;11;14;14;7;13;4;12;1;6;017094
2011;41;2;15;13;9;12;12;3;7;3;2;9;12;4;5;4;071063
2018;15;13;7;14;5;1;9;14;5;15;5;5;5;13;12;11;013097
2015;46;5;6;6;5;13;6;4;13;9;13;14;3;7;8;1;108029
2019;43;13;5;4;13;5;11;2;5;15;4;13;8;2;5;4;021004
2020;13;2;6;10;13;7;1;11;2;13;7;14;12;2;4;6;019095
2014;3;1;13;8;6;14;2;4;5;14;6;9;3;1;12;9;063058
2003;32;7;13;5;7;13;3;15;12;10;11;2;15;9;3;12;001204
2016;51;7;14;12;4;4;1;5;1;11;10;9;7;13;6;4;054017
2001;49;7;6;2;14;14;11;8;14;3;3;2;4;9;5;13;109033
2015;28;3;2;8;7;1;6;8;12;7;11;4;8;14;7;10;001301
2009;2;9;2;7;6;2;7;13;1;3;4;8;5;5;13;3;015099
2019;2;11;11;12;4;13;8;2;15;15;4;15;11;4;7;7;036021
2020;3;2;12;2;2;7;9;12;5;8;12;5;13;1;10;2;046027
2013;45;3;13;9;7;14;9;1;3;5;13;8;3;14;3;9;061060
2005;22;9;12;10;8;13;15;11;15;13;1;9;5;7;7;6;069006
2008;17;7;14;1;7;12;9;2;2;5;2;7;12;14;6;9;005061
2003;5;10;15;15;5;11;11;1;4;10;15;12;11;15;12;10;028080
2001;20;5;13;4;9;4;7;11;14;13;1;11;7;6;13;15;015177
2014;32;8;11;14;13;7;15;8;5;1;15;5;4;13;8;7;073002
2007;32;2;10;14;9;2;4;3;15;6;5;5;4;4;8;3;108015
2009;27;10;13;14;4;3;10;2;12;8;8;13;5;15;8;12;004072
2012;43;12;1;12;15;5;1;5;9;3;2;9;1;11;11;7;024036
2004;32;6;5;7;2;10;9;11;15;8;15;13;15;12;6;4;029027
2003;10;6;9;9;3;12;7;9;11;7;14;12;1;6;11;6;015103
2006;28;4;3;3;2;13;2;3;10;10;1;7;5;11;7;1;103053
2011;28;15;10;11;7;15;4;14;9;7;11;9;5;15;11;8;002059
2009;20;12;15;6;10;2;3;3;3;8;13;5;14;6;10;13;017047
2007;32;9;10;15;4;7;13;5;7;3;13;12;1;6;5;4;064029
2003;20;4;4;13;14;5;8;4;14;5;9;12;6;9;14;7;058007
2006;35;15;13;5;13;12;14;8;4;4;15;10;4;2;5;13;017124
2016;6;15;11;8;8;11;8;13;15;10;14;8;6;10;14;8;013118
2000;45;8;14;6;11;3;11;5;2;2;7;12;1;5;5;12;003026
2010;14;2;3;3;5;3;5;11;10;9;6;9;4;10;12;4;018021
2012;6;4;7;14;8;9;11;15;5;3;12;5;15;8;13;14;017187
2007;42;6;13;15;6;4;12;14;1;14;11;11;1;6;6;7;015206
2008;12;5;11;11;1;13;13;9;4;6;5;9;1;11;2;9;065144
2017;13;6;11;12;4;8;1;15;11;14;8;4;10;9;3;13;062004
2012;48;6;10;11;13;13;3;11;12;4;4;4;11;12;14;2;020059
2014;27;3;14;2;8;13;2;14;8;3;1;12;14;8;3;13;073004
2009;35;11;8;10;8;11;6;8;14;13;10;10;4;7;12;8;103029
2020;49;13;15;2;5;15;4;1;6;5;8;12;8;2;12;1;078092
2005;31;8;3;10;7;2;15;11;12;13;2;2;8;9;15;14;065141
2007;11;12;13;15;11;7;15;9;2;9;14;6;11;3;10;10;063043
2017;39;9;11;13;13;2;7;10;8;12;7;3;7;6;4;3;017169
2006;47;12;9;6;14;12;10;10;12;6;4;11;9;14;5;7;076079
2002;15;6;15;11;4;9;2;10;2;4;13;15;13;12;7;13;004124
2005;29;14;1;1;1;10;8;11;6;15;14;6;9;15;11;9;013040
2013;49;1;7;9;6;5;9;15;12;5;14;14;8;13;7;13;016035
2001;3;2;9;5;6;1;7;11;13;6;6;12;13;12;11;8;098026
2017;21;6;2;4;8;3;7;1;4;7;5;10;8;11;12;7;022036
2006;9;5;3;13;15;14;4;4;1;3;11;5;1;2;11;14;071034
2017;42;6;12;7;15;13;12;13;2;13;11;10;8;7;11;4;013065
2005;22;4;9;8;5;10;5;14;4;7;8;12;2;14;4;7;017190
2004;20;13;9;6;6;6;8;12;15;3;2;8;6;2;2;2;043006
2000;2;1;8;10;5;9;10;3;13;3;7;3;15;1;6;14;048043
2008;26;5;6;6;11;1;7;15;4;8;12;9;5;12;12;14;040020
2011;48;1;10;5;1;13;7;12;2;6;12;10;15;2;14;5;039007
2016;52;10;6;1;11;2;10;6;3;3;8;3;8;12;12;2;021017
2015;9;12;12;15;3;13;10;9;2;12;4;12;11;12;15;14;024087
2015;12;7;4;13;4;14;11;5;3;3;5;13;4;4;10;6;001195
2019;29;14;3;14;4;10;6;4;3;12;6;14;12;13;13;13;076048
2001;23;13;2;15;8;1;12;1;1;4;13;13;10;2;14;6;013095
2012;11;3;10;12;7;11;14;6;4;7;8;11;4;7;13;1;004022
2018;4;13;1;13;10;10;2;4;6;6;9;13;10;8;13;11;024036
2019;3;14;7;8;8;2;15;6;4;13;12;1;12;14;15;8;050028
2006;28;12;2;1;14;6;12;14;10;13;5;14;2;11;1;4;035034
2020;8;3;8;2;15;7;15;5;7;14;14;13;9;8;5;11;093039
2015;33;2;8;12;4;13;3;13;4;4;2;10;8;2;9;9;002078
2015;45;6;15;7;13;5;9;14;1;7;12;6;1;7;2;14;016146
2015;32;7;15;9;2;3;9;6;9;11;5;9;6;5;6;11;103066
2006;26;12;13;7;9;6;15;15;8;10;2;5;13;15;1;3;001260
2010;9;9;14;4;6;6;4;1;14;3;3;10;11;12;13;9;007021
2009;9;4;3;12;4;11;7;15;5;8;4;5;3;10;7;12;026082
2013;6;9;12;13;9;11;13;10;13;10;2;3;3;6;10;15;092110
2001;45;6;15;8;12;3;3;8;13;5;1;11;11;1;7;6;024078
2008;51;14;5;11;14;1;6;10;10;8;12;9;5;5;4;12;097033
2019;31;13;12;10;9;14;4;5;2;11;1;1;15;2;14;2;013211
2010;27;11;10;5;4;4;6;6;13;10;4;1;13;13;7;10;067035
2006;37;8;7;13;13;3;9;12;3;4;7;4;5;8;12;4;001180
2011;39;8;12;2;5;12;12;12;1;13;15;6;1;12;4;15;083002
2014;32;1;1;8;9;11;7;14;2;2;8;15;4;13;9;2;023023
2013;14;15;8;7;10;5;9;10;8;11;3;11;5;5;2;3;053009
2013;12;3;1;2;15;12;12;7;12;12;4;3;3;8;3;2;077003
2011;49;13;10;1;10;8;13;11;1;11;8;2;2;5;12;8;003140
2017;19;7;10;15;6;3;12;8;7;3;9;15;11;10;11;4;071036
2014;33;12;1;13;11;7;2;13;14;9;14;6;9;8;15;4;019110
2000;20;9;7;12;7;4;5;15;15;10;5;8;11;6;14;12;082016
2001;8;8;15;4;13;12;10;7;11;4;14;13;5;2;4;4;063062
2000;28;2;4;1;14;1;6;8;2;10;7;5;4;5;7;1;061027
2010;3;3;4;9;15;15;14;1;3;6;15;9;4;15;2;5;088002
2006;8;3;5;4;1;5;13;14;3;6;10;14;12;15;13;14;097059
2012;8;2;14;7;6;14;10;2;13;7;12;12;15;6;3;2;026087
2018;45;10;2;10;4;7;8;9;7;4;11;8;7;14;12;6;065044
2012;51;6;6;12;3;15;10;5;5;10;7;3;3;8;8;7;064057
2012;39;3;1;5;5;7;4;1;3;1;14;8;1;13;4;9;075006
2005;16;14;5;8;10;4;11;9;11;11;11;11;8;1;7;6;061090
2003;21;13;13;1;5;9;2;10;14;15;11;11;4;11;11;14;035027
2020;28;5;5;10;2;12;15;2;11;2;11;8;8;10;8;11;011028
2016;25;14;10;13;5;14;3;10;13;7;3;12;14;12;10;14;055033
2013;18;9;3;1;2;13;11;1;1;8;12;10;3;14;6;2;035017
2000;18;15;15;2;10;5;14;8;12;8;12;4;10;12;3;11;092075
2010;17;15;11;11;10;10;11;8;13;3;3;4;1;1;5;4;040009
2003;42;10;12;7;14;9;15;12;1;1;13;4;11;3;2;9;046033
2000;35;5;2;13;1;3;12;2;3;4;11;2;1;13;4;8;071004
2003;50;12;8;7;15;6;2;13;9;9;14;1;9;2;9;3;067039
2011;41;6;11;11;14;4;9;11;3;3;14;14;2;5;5;5;023045
2014;12;3;13;9;15;13;3;14;10;8;12;4;9;15;11;2;015175
2000;44;11;2;12;14;10;2;8;12;8;13;4;13;14;10;3;043030
2001;30;9;3;14;14;4;15;6;8;6;7;7;8;1;15;11;095058
2000;44;10;8;15;9;9;15;14;15;11;3;11;6;3;6;2;109004
2011;39;12;5;13;4;11;13;13;2;8;8;12;11;2;14;3;004089
2009;19;5;13;14;9;4;11;15;10;6;4;1;1;3;11;7;082025
2019;48;11;4;13;3;8;8;12;5;1;15;7;13;9;14;13;057017
2013;11;11;2;2;14;15;2;4;11;14;14;14;4;2;2;12;031015
2006;38;6;9;10;10;3;9;2;7;13;9;13;10;6;9;15;030055
2008;31;5;14;9;9;10;11;3;3;15;4;12;14;12;6;2;054010
2018;2;14;9;9;6;15;12;2;8;9;5;6;11;2;14;2;082028
2002;13;9;8;8;9;9;10;8;12;4;5;12;14;4;6;6;073006
2008;16;4;15;9;5;2;2;8;12;7;15;9;9;1;4;5;089003
2019;33;9;14;5;9;14;7;3;10;14;4;8;13;9;6;3;093051
2018;29;4;14;3;2;11;2;5;9;5;13;13;4;13;5;5;062002
2018;44;10;2;4;2;5;10;9;14;6;15;14;11;14;13;1;108023
2007;10;8;9;13;12;12;3;11;11;2;9;15;8;7;6;5;002133
2018;40;7;7;10;13;1;14;4;15;14;11;4;9;13;4;3;069042
2015;37;1;10;9;5;5;9;14;12;9;8;6;3;2;5;15;072032
2005;5;15;14;4;11;13;14;12;8;6;6;6;13;1;14;1;004062
2006;29;4;8;14;12;9;11;5;5;14;10;12;5;14;4;7;012076
2000;37;10;3;6;6;7;1;13;6;3;14;6;3;3;3;5;058109
2017;43;15;4;13;9;10;4;15;7;13;7;15;1;7;13;3;024085
2016;16;14;4;13;11;7;5;12;5;2;2;13;11;14;12;12;083003
2014;48;2;6;10;3;11;9;14;12;4;3;13;10;7;13;13;105012
2008;41;15;14;15;5;4;11;2;12;15;7;11;10;7;10;2;064046
2013;49;4;1;6;13;7;9;6;13;4;13;11;11;3;7;7;075080
2007;52;3;9;9;12;5;3;4;15;2;14;13;12;14;1;1;102049
2008;19;13;7;8;7;15;6;2;12;2;2;9;11;8;8;3;073004
2004;3;2;2;14;7;6;9;9;6;15;14;10;12;2;4;1;083104
2013;36;7;9;8;1;11;14;9;1;3;1;4;1;7;10;3;016143
2006;2;6;15;7;1;15;14;4;14;9;12;12;3;13;8;15;066003
2004;38;15;4;14;12;15;9;11;13;10;12;3;2;13;9;4;064044
2014;24;12;15;6;13;14;10;8;6;14;2;12;15;5;3;10;023041
2009;32;9;2;14;9;13;7;7;1;3;13;5;1;6;9;3;006175
2016;46;8;3;10;7;7;1;9;2;6;8;8;3;1;7;2;057017
2017;31;1;2;11;10;7;9;15;8;9;8;4;13;4;3;14;057056
2015;36;10;11;4;15;8;13;13;12;7;4;5;3;15;3;14;061046
2014;15;10;2;11;12;4;2;10;11;13;14;1;15;9;13;2;059030
2008;5;5;3;2;7;6;10;15;4;7;7;1;3;8;13;10;042009
2013;4;7;14;11;1;12;4;2;5;3;13;11;5;5;5;7;025007
2001;20;13;13;2;7;6;3;13;12;12;4;13;12;6;7;1;017182
2019;45;1;11;4;1;1;3;8;13;14;2;8;11;3;2;5;015243
2020;28;2;6;2;11;12;5;10;14;8;14;7;14;13;6;5;034035
2001;23;12;12;9;2;14;6;1;3;12;6;1;14;3;3;4;015122
2007;52;8;9;9;12;6;15;1;4;14;7;13;14;3;7;1;022149
2017;22;10;3;3;15;3;5;5;6;12;12;4;12;6;9;9;071026
2004;17;6;10;4;14;14;7;13;15;15;14;12;11;14;10;5;069103
2000;51;5;1;11;14;12;14;6;10;12;3;14;15;8;1;14;030134
2003;48;11;9;4;12;1;13;7;12;7;2;12;2;4;8;5;023083
2009;23;7;9;12;9;9;3;2;11;10;11;12;5;4;13;12;040004
2016;35;13;8;6;3;12;2;4;12;6;3;4;8;12;6;7;007040
2007;40;2;9;15;8;1;7;8;13;10;15;9;7;5;6;11;018085
2016;11;4;1;8;12;10;8;10;14;13;3;9;12;2;1;7;028044
2013;28;11;2;8;7;3;4;8;9;3;15;5;4;7;13;10;016080
2002;11;5;10;1;13;8;11;8;6;3;7;4;7;9;2;2;003100
2004;6;14;2;4;4;11;6;10;3;10;2;14;4;6;6;4;023088
2015;13;6;5;10;14;1;3;13;9;9;10;2;13;13;15;15;060072
2016;38;7;9;6;10;14;11;7;13;2;12;10;1;9;1;12;013085
2002;6;2;14;14;4;11;6;8;14;11;14;5;4;15;6;8;025015
2006;41;11;6;15;3;14;15;8;6;5;4;7;2;9;11;10;106002
2005;48;12;13;14;9;11;5;4;9;8;4;10;6;13;5;4;067027
2003;51;6;13;4;12;4;8;14;7;12;3;3;14;9;2;15;016141
2018;34;12;11;2;1;12;1;9;3;15;13;14;7;12;7;8;041066
2013;52;10;12;8;4;15;4;11;14;3;6;12;4;4;4;4;029003
2005;9;1;8;14;8;3;12;6;14;7;2;8;8;15;7;8;001282
2006;3;13;13;10;5;15;13;6;9;2;8;14;1;11;7;12;096028
2004;41;14;1;12;1;4;9;6;12;10;3;15;14;6;11;9;012042
2004;44;2;5;1;12;4;5;5;6;5;12;4;12;10;4;6;060041
2019;12;2;13;3;5;6;3;1;8;3;6;11;7;13;5;1;001138
2008;21;7;5;13;10;7;15;10;5;2;6;10;12;5;9;7;001014
2007;35;3;7;4;13;6;7;8;2;1;12;11;4;7;13;14;016047
2017;31;10;1;4;5;6;11;10;2;15;15;1;1;1;3;13;080093
2000;44;8;4;2;7;15;8;14;5;5;1;13;6;12;11;14;030051
2005;3;10;13;6;8;11;11;7;14;5;15;11;7;9;5;15;010051
2008;34;10;4;7;4;11;4;5;11;7;5;7;12;11;7;14;006034
2015;27;14;3;5;3;7;15;3;5;3;15;7;6;14;5;11;062062
2002;5;3;8;5;15;15;14;6;2;15;14;8;9;8;2;2;064075
2010;47;12;14;10;5;5;2;9;9;1;8;1;13;6;15;13;014005
2020;47;10;8;12;7;11;10;13;10;4;11;9;14;8;10;5;079056
2005;30;1;2;3;8;12;5;8;6;11;4;14;15;5;13;4;058103
2016;40;9;3;11;11;10;8;9;2;15;14;14;6;14;15;2;001035
2020;32;4;13;7;1;1;11;2;13;11;10;9;2;10;14;2;097044
2017;17;6;11;9;8;3;6;5;14;13;12;13;5;11;4;5;034006
2015;15;10;7;13;15;9;13;7;9;10;6;13;2;3;4;5;013097
2013;40;13;9;2;7;10;11;3;3;9;6;15;6;14;4;9;068035
2017;44;12;3;5;11;11;1;1;5;15;2;5;10;12;11;3;016251
2001;7;9;1;2;2;9;2;14;3;11;10;8;11;14;15;15;063064
2020;51;9;9;5;13;12;5;10;10;9;8;9;10;15;8;3;036042
2015;5;5;6;12;9;8;12;14;2;3;13;10;1;1;5;11;033020
2000;34;8;13;13;12;7;10;8;7;13;9;11;3;15;1;11;062026
2018;8;7;7;5;8;10;4;13;2;11;10;9;14;6;5;7;017031
2016;14;14;2;11;13;13;6;5;4;11;1;14;5;3;9;9;075081
2000;51;8;6;10;13;15;7;15;4;12;3;3;4;4;11;3;078080
2010;26;9;13;14;2;12;2;10;11;13;10;1;14;15;6;13;033003
2000;29;9;9;4;2;13;3;11;14;9;7;12;11;7;7;14;018104
2018;6;5;1;2;15;11;6;5;5;6;14;13;12;3;1;14;027015
2006;40;12;12;14;5;14;7;12;9;9;12;9;5;3;3;15;030134
2008;52;10;10;10;1;6;7;2;2;6;7;4;3;13;9;6;044015
2008;3;10;12;1;3;7;6;9;15;3;8;2;3;11;8;15;011022
2011;12;4;4;1;9;4;11;8;5;2;11;2;13;8;10;6;029046
2020;14;13;5;3;3;6;12;15;1;1;10;9;9;1;13;9;005114
2018;47;11;6;9;2;6;3;2;13;2;9;10;11;8;4;9;001250
2009;17;4;15;8;2;6;8;9;9;1;6;10;8;15;15;5;037010
2017;49;14;8;12;6;1;7;13;2;10;14;9;11;4;4;3;051005
2003;21;4;6;15;4;3;8;13;10;8;6;3;4;7;14;7;073005
2010;26;10;5;1;12;5;10;3;5;6;11;14;12;11;14;13;078142
2020;10;3;8;8;13;8;6;10;7;7;8;5;11;9;12;15;070013
2020;38;11;15;13;10;7;4;3;2;13;9;10;1;15;6;12;096004
2011;43;10;6;13;9;6;7;11;8;11;2;8;9;11;5;5;048012
2007;49;4;2;1;1;8;4;10;12;1;4;6;4;10;5;1;066060
2008;6;4;15;14;8;13;14;11;8;4;5;8;6;13;4;15;062009
2018;26;10;9;14;15;5;4;4;6;12;10;7;6;13;5;10;070046
2003;29;10;4;6;5;15;2;5;8;4;14;13;1;13;7;3;061075
2011;11;14;1;6;9;8;6;15;9;9;11;15;13;3;7;7;063035
2009;46;4;2;6;7;6;9;14;9;7;13;1;8;14;15;1;102027
2018;27;2;7;2;6;9;9;4;11;4;15;1;15;9;5;15;065040
2003;52;13;15;1;6;14;15;10;3;7;12;13;15;4;12;6;025039
2019;18;4;2;11;9;11;7;6;13;11;7;10;2;6;15;8;019100
2003;4;2;12;1;9;12;14;13;1;15;3;14;15;7;5;4;073016
2007;29;7;5;10;2;6;2;11;13;1;14;9;10;11;4;15;109006
2007;13;7;12;12;4;11;3;15;10;15;15;6;11;3;13;1;008053
2000;35;1;10;2;12;4;13;3;8;3;6;15;12;15;12;1;071021
2001;52;14;5;14;15;8;9;14;5;9;14;6;14;7;8;3;097018
2011;5;5;2;15;15;10;4;6;3;9;15;6;4;2;9;5;008023
2011;45;4;6;7;6;13;15;3;3;6;3;5;1;2;4;9;095035
2002;27;5;11;11;14;3;7;1;14;8;5;5;5;4;13;10;023069
2017;48;13;15;11;3;15;14;10;5;3;8;1;1;11;14;7;110002
2009;40;2;10;5;12;4;5;6;7;13;13;3;1;6;8;15;035010
2019;50;12;2;8;2;13;13;9;10;2;4;7;3;13;14;13;024015
2013;33;2;9;14;6;1;2;6;14;8;1;11;14;15;1;11;097026
2018;47;2;5;1;10;2;7;6;4;11;15;6;8;4;14;12;062032
2002;41;8;14;15;7;7;15;10;9;3;5;13;15;10;1;11;080092
2013;6;2;14;7;12;10;7;4;13;3;15;8;4;10;6;11;022145
2000;25;9;12;4;15;10;8;4;6;10;8;4;9;9;13;3;008026
2014;26;2;12;8;5;12;2;12;13;3;5;3;10;9;7;10;083083
2008;8;1;11;8;13;2;10;10;11;10;14;1;9;5;13;4;026016
2002;33;9;10;9;13;7;10;6;15;9;9;9;6;10;10;3;022064
2008;24;7;1;10;2;8;3;6;13;6;15;3;3;14;2;3;023028
2001;2;2;10;12;13;2;6;2;5;9;15;11;2;15;13;10;010056
2020;37;5;4;12;2;14;8;3;7;4;12;8;6;8;11;15;087052
2013;6;3;10;3;8;9;7;6;13;12;15;8;6;5;3;10;013131
2017;44;4;4;15;12;11;6;2;9;5;15;11;15;15;3;7;061081
2019;44;7;15;8;1;11;8;8;10;8;5;15;1;6;1;8;001294
2006;45;8;3;4;5;1;11;9;1;9;4;6;6;1;5;13;091066
2016;29;5;8;4;3;4;15;11;7;1;8;1;4;12;11;15;095060
2020;6;10;10;4;13;6;9;10;5;10;15;13;8;13;6;10;012007
2004;6;14;5;5;5;8;4;9;2;15;4;4;2;14;13;14;001223
2016;44;7;7;6;10;13;13;8;2;2;15;11;1;11;1;10;006175
2003;51;12;14;3;4;3;13;13;8;15;14;9;6;6;13;9;097083
2002;50;4;4;1;3;7;4;3;2;8;1;10;15;2;12;9;008052
2014;16;6;1;12;12;7;10;8;5;5;12;12;12;7;12;1;092117
2019;50;2;11;6;8;6;4;8;11;12;15;7;2;9;12;1;062055
2012;42;13;15;8;4;3;7;7;7;13;6;5;13;12;15;10;001157
2010;10;2;8;15;9;8;2;7;5;8;11;7;2;2;2;2;013157
2017;16;15;1;2;11;10;2;6;3;12;6;11;3;6;9;8;017079
2014;46;2;15;11;4;7;9;15;9;2;15;1;12;1;13;14;033043
2014;30;1;2;1;9;6;13;8;12;11;6;4;8;13;14;7;082030
2013;40;4;6;5;6;6;10;5;6;10;7;12;5;3;12;2;037009
2008;49;12;6;12;7;13;6;6;12;3;4;6;2;12;10;15;039016
2019;45;9;4;12;6;7;10;11;1;14;4;10;14;4;7;14;007049
2010;44;8;9;11;11;4;8;7;15;1;15;15;8;6;5;5;023011
2006;11;4;14;14;13;2;4;12;9;3;9;13;3;10;2;14;027027
2006;46;7;15;4;8;13;11;1;2;8;4;6;11;13;11;9;026005
2000;33;15;7;10;10;5;2;5;11;3;1;10;14;7;13;3;057043
2004;7;12;9;1;15;14;15;3;11;4;11;2;10;12;2;9;012015
2005;11;8;5;15;7;8;1;2;1;1;14;10;5;4;5;8;062023
2003;8;11;11;11;13;14;3;5;13;15;11;5;9;11;12;8;001273
2018;24;2;4;2;12;13;9;5;12;14;14;5;11;13;9;2;107002
2011;21;3;9;9;2;2;10;2;9;11;3;1;11;7;13;15;064101
2001;6;10;4;13;7;13;11;1;13;1;15;4;11;4;14;12;004189
2000;39;11;9;13;11;7;10;10;6;8;12;8;14;4;14;4;019039
2001;9;3;3;12;10;13;10;15;12;4;9;6;10;6;15;1;024032
2001;18;13;11;15;12;3;11;14;10;12;2;11;12;5;4;12;002017
2016;23;13;3;8;8;15;7;6;10;6;12;6;11;1;2;13;062045
2005;26;8;4;15;3;11;15;9;14;2;10;5;1;2;3;5;015070
2002;7;2;11;6;11;13;4;2;15;6;7;9;5;2;9;5;078027
2014;11;8;12;6;11;15;10;3;7;2;13;14;8;10;7;3;030105
2017;45;8;10;9;15;15;8;8;14;6;11;13;8;2;8;11;001275
2016;3;15;15;2;12;15;2;10;5;9;4;12;15;1;10;3;017142
2016;34;2;9;3;2;5;13;2;15;4;12;11;10;9;5;11;057049
2008;13;10;3;10;6;12;2;11;8;14;15;14;2;6;2;12;057043
2002;46;2;15;14;11;6;9;15;1;11;8;2;10;10;1;12;092048
2005;19;1;2;2;1;8;14;4;2;5;5;10;8;3;13;14;001123
2004;15;13;5;2;11;10;6;10;2;2;11;3;10;4;1;6;079099
2001;29;15;6;11;1;1;6;2;13;6;8;10;14;3;11;8;097023
2009;24;5;3;3;1;4;15;6;15;1;6;11;15;8;7;9;017071
2005;23;13;12;1;12;10;3;7;5;2;5;7;4;7;4;4;012027
2019;22;9;9;12;5;7;2;1;7;14;1;7;3;1;14;12;012050
2010;40;7;13;7;9;12;12;11;8;9;1;15;6;11;2;1;109010
2004;18;12;11;2;3;11;11;2;3;1;8;5;4;2;7;7;004174
2000;21;8;9;9;5;15;2;3;14;10;13;15;3;3;3;5;006003
2001;44;3;6;9;11;7;2;15;12;15;2;3;14;7;8;8;024001
2009;6;11;3;5;6;8;7;3;7;5;3;12;3;7;1;8;042014
2020;46;10;1;8;4;15;15;4;8;10;10;2;1;13;2;10;001099
2019;11;13;8;10;2;12;14;13;9;12;6;4;5;4;7;13;024119
2016;25;15;6;4;8;6;5;7;4;15;9;10;9;7;12;10;080079
2013;17;9;6;3;2;9;3;4;15;14;1;6;15;12;2;7;030133
2012;52;8;1;9;13;8;3;3;14;12;1;12;9;6;1;10;028047
2019;19;11;14;15;11;10;15;5;9;3;1;1;12;14;6;11;080024
2017;9;2;8;3;5;15;10;7;13;3;5;14;13;14;7;12;059002
2001;23;12;14;10;8;1;6;1;1;9;15;1;4;10;5;11;067040
2002;51;11;1;15;10;7;11;6;3;14;6;4;4;2;10;13;095034
2010;22;3;5;2;2;12;7;5;9;8;10;14;8;5;5;8;022201
2001;26;2;12;12;11;12;8;2;12;11;12;12;2;8;6;13;017162
2017;47;12;13;10;10;7;15;8;1;11;12;14;5;8;10;10;092044
2014;44;2;3;9;1;15;10;5;3;4;9;1;13;3;5;1;097048
2001;24;8;6;12;3;15;1;8;5;12;6;8;13;13;4;7;097009
2017;13;4;9;12;3;11;14;14;2;14;9;8;2;9;9;11;025053
2014;5;10;7;1;4;12;1;7;12;8;14;13;13;10;2;5;062018
2012;23;2;4;8;12;8;4;12;11;12;11;15;13;11;3;9;052023
2003;21;11;8;3;9;9;8;3;13;5;1;13;6;12;9;2;017194
2004;52;9;14;1;1;7;2;6;4;2;7;8;10;1;4;2;011016
2013;49;12;9;11;12;10;1;15;6;10;15;7;8;14;9;10;030068
2020;2;11;2;11;13;6;12;6;1;11;12;14;2;7;10;10;022051
2013;26;2;1;10;8;4;7;4;4;5;11;2;14;9;13;11;008013
2009;52;7;10;8;2;12;9;8;2;11;1;10;4;6;10;7;022208
2007;21;15;3;4;2;12;5;7;3;4;12;6;7;1;9;7;102018
2010;47;13;2;13;1;5;9;8;12;2;1;5;1;9;2;15;061103
2017;13;14;6;15;15;6;13;1;3;11;10;7;4;5;5;6;014048
2001;38;11;8;6;14;14;7;7;1;10;7;7;2;12;6;10;019059
2012;37;2;5;1;7;2;14;8;7;9;12;12;6;2;14;3;065005
2012;49;13;1;5;7;13;7;7;2;2;1;4;13;14;12;12;011023
2011;34;12;7;3;9;6;13;2;2;9;4;6;15;7;5;8;042005
2003;14;3;15;2;8;9;8;8;13;14;7;9;13;9;14;2;001199
2014;35;10;8;11;3;2;13;10;4;8;11;10;10;14;14;11;103021
2007;21;10;3;15;15;13;7;4;5;13;2;4;10;14;13;7;086006
2006;42;3;15;11;13;2;12;8;7;3;7;9;14;9;7;8;001246
2012;1;15;15;10;9;10;3;12;2;14;5;6;9;6;4;9;016038
2005;29;5;7;7;5;7;3;4;2;15;3;5;13;15;8;1;103011
2011;23;9;9;15;9;10;4;4;3;12;9;6;15;4;11;6;086020
2005;1;12;5;9;3;4;1;9;6;6;10;10;3;10;12;3;019091
2020;42;9;11;3;12;3;3;14;2;2;11;5;2;9;4;15;061053
2008;6;15;5;7;1;12;6;15;12;7;2;9;10;2;15;15;067016
2012;18;5;5;14;12;12;13;8;10;8;8;8;4;14;12;9;014022
2004;28;7;14;7;13;8;4;3;15;8;3;4;9;9;2;6;022020
2008;44;9;10;2;5;1;5;6;5;10;15;6;11;1;5;1;004085
2004;39;7;12;1;5;13;10;5;12;13;10;14;14;9;6;10;087045
2006;11;7;3;5;5;14;4;15;15;8;14;9;7;4;11;3;066022
2009;32;5;3;11;11;13;12;2;6;7;11;8;11;15;10;11;068018
2016;18;7;8;7;7;14;3;11;1;6;3;4;10;15;14;1;093052
2014;1;6;13;1;7;7;15;6;8;4;8;2;6;13;11;5;059021
2015;49;5;4;4;11;6;10;15;7;9;13;4;5;1;14;6;031023
2000;51;10;9;14;6;8;1;11;12;14;5;13;3;9;2;8;079030
2007;34;12;2;4;13;9;3;10;4;11;9;2;5;5;8;8;006187
2002;8;6;14;5;1;15;3;8;4;14;13;1;14;7;7;7;092121
2001;26;12;15;15;5;7;1;2;14;6;3;9;11;4;8;5;061049
2008;6;11;14;8;1;14;2;2;2;14;1;3;15;9;2;11;004232
2014;17;1;7;9;14;13;13;3;2;8;9;8;7;6;12;14;081021
2016;18;9;6;15;10;11;1;4;1;11;1;13;4;12;10;5;061069
2016;15;14;6;1;12;5;4;5;1;14;7;12;15;2;12;6;061087
2011;21;14;3;1;2;10;8;12;11;13;6;11;6;9;12;5;101016
2015;12;11;11;12;8;8;15;12;14;5;2;13;5;8;14;11;003135
2020;33;11;1;1;15;13;1;15;5;14;14;5;1;2;13;10;061024
2019;42;5;11;8;2;10;3;4;9;15;8;12;8;12;14;4;022167
2011;19;3;14;4;3;4;7;6;15;3;12;13;5;3;3;3;064071
2020;12;3;3;1;2;10;5;9;9;14;7;12;5;2;9;7;016049
2013;11;8;13;13;2;6;12;1;7;10;13;15;2;2;13;13;065056
2009;34;3;7;4;9;6;14;4;10;1;12;5;15;11;13;9;014076
2014;5;15;12;1;2;15;8;12;3;13;10;7;13;12;11;14;067018
2012;51;13;14;3;14;11;2;10;2;5;7;14;12;9;4;2;088009
2012;23;4;3;2;5;10;11;10;7;13;2;15;13;14;15;4;054014
2008;7;13;9;2;3;15;12;11;14;1;3;14;15;2;9;13;066038
2019;10;1;11;6;5;15;13;7;9;13;11;2;15;3;15;6;022208
2005;11;2;2;12;11;6;3;10;10;11;12;2;11;7;5;4;058068
2004;4;1;2;12;4;2;1;4;11;4;2;3;11;9;15;6;001088
2006;1;6;4;9;9;13;12;8;5;4;15;3;10;4;11;10;103053
2006;39;15;9;1;14;3;12;6;1;15;4;12;10;8;1;13;045008
2003;14;5;6;7;12;3;8;6;9;3;13;13;9;8;13;13;017061
2014;37;4;7;12;12;7;15;15;13;3;11;12;5;10;9;9;054041
2018;7;10;7;8;4;9;8;8;2;6;8;10;3;1;13;11;006171
2019;6;12;13;14;5;15;14;3;3;8;10;2;11;11;1;6;083032
2012;3;5;7;11;1;6;10;3;13;10;13;10;4;2;13;3;060078
2014;1;10;11;10;14;8;10;4;14;7;3;14;15;2;9;1;018040
2000;15;14;9;12;15;1;13;5;3;4;11;11;6;7;15;10;065069
2009;21;4;10;7;1;14;5;7;15;14;12;3;11;7;8;13;075008
2010;15;15;9;12;13;9;14;3;15;11;9;7;8;7;13;8;006096
2007;10;3;6;12;7;1;9;8;8;7;11;1;11;7;6;12;095072
2009;25;14;2;14;12;14;4;11;1;13;15;15;6;15;4;10;053004
2008;49;7;12;8;11;12;10;4;3;1;13;11;3;12;13;12;076036
2014;16;13;5;8;7;2;15;6;10;1;14;15;12;10;15;1;006100
2013;19;9;10;3;3;11;12;11;5;2;9;2;2;12;6;13;016115
2004;29;7;7;8;5;1;3;2;1;14;15;5;8;14;9;12;076094
2008;18;4;3;12;14;11;3;4;14;3;4;9;5;2;11;15;098057
2017;7;7;11;7;3;5;14;14;11;10;4;8;7;6;6;1;065145
2013;4;8;1;1;9;3;10;15;10;14;4;1;2;15;2;13;024038
2009;6;5;9;10;11;4;11;10;13;15;4;15;15;11;3;2;001147
2009;43;8;14;5;3;8;11;5;4;4;6;7;14;1;14;14;003108
2003;39;10;14;14;13;3;4;6;11;7;4;9;5;2;3;15;098021
2015;6;9;15;13;7;6;2;13;15;1;13;3;2;4;12;4;016032
2004;28;15;7;1;5;10;13;10;6;5;7;1;13;6;5;8;007026
2004;3;9;8;6;15;9;2;5;3;14;13;5;12;1;12;7;084026
2000;26;14;10;15;6;13;8;4;8;10;11;6;9;5;7;10;017159
2012;30;10;10;11;2;1;11;5;12;12;1;12;13;10;5;9;012130
2005;46;5;13;7;7;14;1;7;10;15;3;7;14;9;8;15;019065
2007;19;2;8;1;4;14;14;6;15;3;14;3;10;11;4;15;073019
2006;33;12;10;10;7;2;1;3;1;4;10;12;11;9;14;13;065043
2017;2;12;6;5;6;3;4;6;12;11;10;12;4;4;8;13;006009
2009;52;6;12;5;4;2;7;15;6;10;1;5;13;13;8;10;044020
2013;52;1;10;14;6;1;1;2;8;5;4;11;9;1;4;15;001298
2012;22;11;6;5;15;5;4;14;6;8;2;4;7;9;7;4;035038
2004;43;9;3;8;8;12;11;9;13;13;9;9;1;8;1;9;037014
2016;5;15;15;9;14;3;11;13;4;10;3;5;2;5;12;10;022167
2006;10;4;12;10;13;7;8;14;10;3;2;15;14;5;2;13;031011
2020;47;7;10;4;3;11;15;7;13;15;3;11;11;4;10;12;007054
2005;32;11;2;4;9;11;11;8;10;7;5;7;10;15;3;6;009012
2012;15;3;2;15;6;8;13;5;9;8;15;2;10;6;12;9;013204
2013;15;15;10;14;9;3;5;3;14;11;8;13;14;12;12;9;017177
2002;49;13;14;5;5;4;9;9;9;7;10;10;2;10;7;3;083076
2016;14;9;12;6;5;14;9;13;14;9;12;8;6;5;5;15;055011
2017;46;6;1;4;5;2;10;3;2;7;5;10;1;7;13;4;001143
2018;25;1;9;13;13;2;14;4;1;2;8;13;5;14;11;12;013110
2011;3;2;12;1;15;8;2;14;14;6;7;2;6;9;10;5;084004
2011;20;12;14;5;4;14;9;11;12;6;9;6;3;14;5;6;001237
2013;11;4;12;2;2;6;11;14;12;9;8;9;8;2;3;11;087012
2004;48;14;2;6;4;15;15;2;4;5;8;2;4;3;8;12;012028
2006;17;14;13;2;10;1;9;14;1;14;3;11;5;8;10;10;051018
2013;19;11;4;5;7;8;6;4;5;6;7;11;2;4;14;9;028070
2001;21;7;14;10;2;15;11;12;6;15;5;2;12;3;5;15;003120
2005;16;13;3;13;13;13;7;14;11;9;7;3;8;3;1;3;012028
2013;4;15;4;11;1;10;2;8;12;10;8;14;2;7;4;12;018122
2005;8;13;8;4;7;11;11;9;7;4;5;3;6;4;8;9;058112
2000;5;14;4;15;15;9;12;14;2;5;7;10;14;2;8;3;039007
2019;51;1;7;7;11;7;1;5;4;15;7;15;6;9;11;13;026028
2018;16;11;1;5;12;13;10;9;2;6;10;15;15;11;12;6;047002
2015;9;2;10;15;2;1;8;5;3;11;7;15;8;3;13;15;022097
2000;31;2;5;5;13;2;5;6;10;10;8;1;6;10;10;14;040014
2000;4;10;10;15;5;6;1;8;7;2;13;3;1;4;13;9;025029
2007;44;11;2;4;12;13;1;2;8;5;14;3;13;10;10;3;037026
2011;38;11;2;8;6;5;11;15;12;6;15;2;2;11;12;12;034038
2010;40;14;5;12;7;14;10;10;1;9;11;6;4;9;3;11;012088
2009;12;5;13;8;2;10;14;8;4;3;6;11;5;7;7;8;069005
2005;16;5;15;15;9;3;3;6;2;1;15;4;14;11;10;15;094005
2009;36;5;5;6;12;8;9;2;6;8;13;15;6;9;3;2;083040
2019;49;10;2;14;13;7;2;5;8;10;11;14;9;10;9;1;060010
2004;29;5;6;8;10;12;2;13;13;1;9;15;13;14;8;2;003071
2013;12;1;3;3;7;2;8;1;2;7;6;1;14;11;5;8;055032
2007;18;2;5;6;1;3;15;12;2;10;4;14;12;8;13;3;038004
2000;2;10;2;15;5;4;4;12;9;7;3;11;7;5;2;4;103043
2003;42;13;13;11;3;9;6;1;6;4;14;8;12;15;12;7;009055
2010;11;3;1;15;15;14;9;12;10;7;10;12;15;1;9;14;094003
2009;44;13;13;13;5;1;12;12;1;1;3;10;13;7;8;11;018168
2013;7;3;3;11;14;1;2;3;4;14;11;4;13;6;10;12;103013
2012;45;11;15;14;5;10;4;9;9;15;10;7;9;13;1;4;090040
2001;9;11;14;7;12;5;8;8;13;3;10;3;14;6;9;8;003008
2016;43;3;6;7;8;2;6;15;6;4;5;14;6;13;9;11;004112
2016;36;10;9;5;15;1;6;13;4;8;10;15;14;13;8;1;099001
2015;20;6;8;6;7;15;14;2;4;8;14;12;5;5;15;2;104012
2011;9;9;15;1;2;9;3;9;10;2;12;5;5;14;9;4;055006
2014;21;8;14;10;12;11;7;14;7;15;11;3;13;9;11;13;038008
2017;18;10;7;3;2;13;9;5;8;15;2;13;1;1;5;9;001123
2010;2;9;7;7;6;10;14;5;10;12;8;10;6;12;1;5;019100
2008;4;3;3;12;2;1;1;10;3;13;14;8;15;3;12;3;068013
2002;28;14;4;12;3;2;4;15;9;6;10;15;4;6;8;1;019043
2018;52;5;11;14;15;12;3;13;3;5;1;5;9;6;11;14;006166
2013;17;3;14;14;4;5;12;4;13;4;9;6;3;10;6;14;065031
2005;29;8;10;6;12;8;13;10;10;12;6;10;6;3;5;7;025014
2013;4;15;4;14;1;15;14;2;10;2;5;2;10;15;10;10;071023
2002;10;11;10;9;15;1;11;7;12;7;3;6;10;6;3;5;021022
2000;22;3;9;2;11;12;10;7;6;14;12;4;11;8;6;8;013098
2019;35;4;10;5;3;5;13;2;5;4;2;7;5;15;15;8;070065
2017;40;2;14;11;6;10;8;9;13;9;9;15;7;15;2;14;079077
2016;21;13;1;11;8;8;9;5;9;2;11;13;6;14;9;5;012079
2004;23;1;11;14;12;8;9;9;8;9;5;10;2;4;11;5;030088
2017;35;7;15;11;13;10;1;4;10;13;1;6;11;13;3;13;022023
2006;47;3;4;8;2;10;9;10;6;2;14;10;7;6;5;13;063019
2004;21;6;6;9;8;5;6;3;6;9;14;15;13;13;11;5;091070
2015;26;11;1;14;4;10;4;10;1;1;5;5;9;1;9;8;058057
2006;18;11;1;4;2;3;13;10;8;6;6;12;15;1;8;7;014070
2016;4;8;6;4;4;3;9;4;11;12;14;13;8;11;10;2;006011
2016;36;15;13;7;9;3;2;9;12;10;7;7;15;14;11;12;098040
2003;17;9;4;2;3;13;6;6;14;1;3;1;2;10;4;5;006080
2005;4;5;14;14;10;11;12;2;7;13;12;10;14;3;3;11;017052
2016;34;2;3;7;11;5;8;12;10;5;1;11;12;2;14;3;001296
2019;14;12;6;4;8;1;12;6;12;3;8;5;4;11;2;7;025048
2000;46;2;2;7;12;12;12;14;8;11;1;11;7;4;10;4;062012
2017;16;2;10;15;4;4;7;6;14;10;12;10;6;6;15;13;018075
2004;39;12;1;1;7;9;13;9;14;12;4;11;13;7;10;5;079018
2012;46;15;13;3;14;1;11;11;6;3;9;4;7;4;10;4;012036
2008;12;15;13;15;6;6;11;14;1;11;13;6;13;14;11;12;027006
2007;6;4;15;6;4;14;7;8;14;13;13;11;14;15;11;6;013030
2007;18;9;3;5;4;7;10;14;14;9;11;11;15;15;13;14;033045
2009;38;3;10;8;14;13;13;5;13;6;11;8;9;10;5;11;095011
2010;30;13;11;10;10;8;5;8;11;4;8;8;11;8;14;7;006119
2020;31;1;13;6;8;7;9;1;7;3;9;1;3;1;8;4;094003
2010;34;8;14;14;1;6;4;6;6;10;4;7;5;2;1;11;034018
2000;46;8;3;1;5;7;7;3;14;12;3;15;7;11;15;11;078056
2011;2;4;4;2;3;2;4;10;6;10;2;6;5;11;3;15;097082
2004;47;10;15;5;10;15;11;7;1;8;15;1;3;15;10;9;058077
2009;46;5;13;1;8;5;4;13;9;3;6;2;9;5;12;5;022160
2007;14;11;4;7;5;7;3;9;15;11;12;13;3;14;11;11;018070
2004;33;15;7;11;8;6;11;11;10;1;5;1;12;13;15;9;030125
2018;46;13;8;12;13;1;5;6;5;8;11;12;10;6;5;12;002088
2015;46;2;15;4;15;6;10;1;7;9;13;9;9;6;3;5;001252
2005;14;3;5;1;9;6;11;13;1;11;12;8;3;7;8;8;076099
2011;4;5;5;6;7;9;1;14;5;15;8;10;1;6;7;9;015105
2007;13;6;1;5;4;2;5;8;12;2;3;11;9;10;2;14;075077
2005;9;1;3;2;12;8;12;5;10;11;14;15;5;15;3;5;071040
2001;29;8;7;15;15;3;1;15;4;10;2;10;2;6;13;1;002047
2000;39;14;13;5;10;2;4;14;10;12;3;3;7;14;1;7;093045
2012;51;8;15;6;15;15;14;13;6;7;3;15;14;7;9;4;069010
2006;43;11;6;8;6;4;14;6;3;14;8;4;1;3;10;13;015062
2020;9;9;4;12;6;11;4;13;6;7;10;11;10;4;1;12;012051
2011;24;10;2;7;12;14;9;10;9;8;8;5;5;7;11;12;103053
2015;50;9;3;10;9;14;1;11;4;11;7;4;6;6;3;8;017081
2010;11;3;5;5;3;1;14;6;5;12;5;3;2;7;5;7;001206
2000;28;4;13;1;2;3;12;13;1;6;14;3;11;2;4;4;038011
2010;7;15;11;15;13;14;12;2;5;7;4;7;11;8;8;12;109010
2002;52;15;4;15;8;6;11;10;5;1;8;10;6;5;7;15;061079
2003;51;3;15;10;14;15;7;15;10;2;2;9;3;6;4;12;065093
2003;14;12;11;3;5;14;1;11;9;12;9;6;10;6;10;13;033017
2018;21;9;15;10;8;2;12;5;15;8;2;15;3;10;9;12;028041
2000;2;13;6;4;8;6;5;11;5;11;3;4;2;9;6;13;006037
2016;7;10;2;9;4;10;4;12;3;3;9;6;10;9;8;13;059010
2008;16;12;5;1;10;4;9;12;7;9;12;7;7;14;14;1;001216
2007;9;12;14;13;12;8;12;4;1;14;6;12;3;10;10;5;060038
2020;4;11;15;14;4;4;11;3;5;14;6;4;7;14;1;8;090048
2016;17;11;14;10;14;6;1;5;8;2;15;4;10;13;7;6;079160
2019;25;6;9;4;1;12;15;9;13;8;1;12;9;3;11;14;102030
2017;52;8;10;10;15;12;1;10;1;14;5;5;3;8;14;4;016199
2016;38;10;2;3;10;7;11;10;1;13;3;5;4;7;12;1;001076
2018;40;2;3;8;8;14;8;9;3;6;15;12;8;10;7;6;078039
2008;30;15;14;8;15;2;13;12;12;15;15;9;14;12;13;10;066062
2007;51;11;6;14;3;13;9;7;8;13;12;3;8;7;15;5;064061
2015;2;4;15;10;4;12;3;6;2;4;5;11;8;9;10;8;097023
2018;40;12;15;10;9;6;4;8;9;5;11;10;9;13;14;4;004005
2019;13;10;13;9;8;3;13;3;4;1;5;11;13;13;2;8;066107
2002;50;2;4;15;12;2;9;7;4;12;2;3;11;5;9;13;082029
2010;13;15;8;13;9;2;12;14;2;12;15;8;7;8;5;12;064052
2011;1;4;3;11;11;9;15;1;11;15;3;12;8;3;13;1;061088
2014;23;10;13;14;7;7;15;10;8;1;1;9;14;2;15;4;017126
2001;31;13;14;7;7;13;15;14;15;5;14;7;15;8;3;10;058069
2019;22;5;11;1;14;13;1;7;8;13;6;10;13;8;13;14;005116
2000;38;4;4;2;14;5;8;11;7;1;15;2;2;9;3;6;049007
2002;26;13;3;14;7;11;1;14;1;10;10;7;14;15;8;2;036030
2000;29;6;2;2;2;13;3;14;9;11;4;4;8;1;1;8;005047
2001;21;8;14;10;6;6;15;14;8;8;8;4;6;3;10;4;058059
2015;30;5;7;12;15;8;13;15;1;3;14;6;15;12;6;15;013109
2016;39;1;3;9;4;9;2;8;2;1;10;14;10;15;12;12;092068
2017;35;13;3;15;2;9;11;6;5;8;14;1;10;6;11;14;085020
2003;16;6;15;7;11;2;12;10;3;9;7;10;10;14;3;5;070021
2009;4;9;4;10;8;6;12;15;6;12;7;9;2;5;3;1;072004
2012;38;1;1;13;15;12;11;4;2;12;10;5;9;8;1;7;106007
2019;25;11;5;15;9;1;4;15;3;12;15;14;2;2;11;3;083033
2005;24;4;9;8;4;4;15;14;14;14;1;4;15;7;4;14;004009
2012;47;4;12;15;12;4;1;2;3;13;6;3;4;7;9;4;080042
2012;21;1;5;13;13;14;6;11;3;12;3;4;14;3;10;13;029045
2011;2;7;9;4;1;1;5;9;4;10;6;3;1;3;5;3;067047
2009;50;8;14;12;1;10;11;11;6;8;15;11;15;9;11;3;006089
2011;25;9;4;9;9;15;5;1;4;8;6;4;14;4;7;10;017062
2004;22;4;11;12;15;6;11;11;5;6;3;9;9;3;3;12;016024
2004;29;13;8;4;10;11;1;9;7;14;14;10;6;2;6;13;072030
2005;46;4;1;8;11;5;11;9;4;2;5;6;13;12;9;15;062063
2003;29;9;2;11;1;7;4;5;7;13;2;13;6;8;6;4;016135
2005;4;9;14;3;11;3;1;13;2;5;9;14;2;15;11;7;067018
2013;30;3;2;11;3;13;6;5;1;1;6;4;12;2;4;9;006068
2008;26;15;8;10;13;5;14;8;11;9;5;15;2;2;14;2;072038
2013;50;6;13;6;12;6;5;8;8;14;2;6;2;13;7;14;007066
2016;51;7;2;9;12;8;13;4;15;4;12;1;14;3;8;9;066046
2012;19;4;5;6;1;6;15;12;7;2;13;10;9;9;2;5;034009
2005;39;12;1;5;5;10;4;9;1;2;15;3;14;2;3;1;018035
2009;20;9;12;13;10;5;5;10;13;15;1;11;14;11;4;11;098020
2012;49;12;14;12;8;7;3;8;1;1;3;8;9;7;15;14;066069
2011;51;10;9;13;11;11;2;1;11;13;1;7;14;5;12;11;066090
2018;6;10;15;14;12;2;13;3;14;7;7;2;2;10;2;5;096018
2005;24;15;5;10;4;5;12;4;5;4;3;6;4;14;8;2;017163
2019;23;10;8;6;12;8;12;6;2;9;3;2;15;2;14;1;079029
2011;16;5;7;8;6;15;11;2;4;5;8;12;14;10;4;7;082014
2001;13;15;13;5;11;4;13;8;3;10;8;15;8;15;15;12;061085
2009;52;2;2;7;14;2;15;15;6;9;9;8;4;8;7;2;097041
2011;31;11;10;7;6;11;4;9;1;8;9;15;12;9;5;7;024102
2016;25;13;1;10;15;5;8;4;7;12;5;2;12;13;2;6;095018
2016;45;4;5;14;10;14;9;15;2;15;11;9;4;12;9;10;013012
2001;14;3;6;1;13;4;15;11;12;15;3;12;4;12;3;3;043010
2007;9;9;15;5;7;2;6;1;14;5;15;11;5;3;14;14;029027
2007;4;12;2;9;1;8;6;10;7;2;7;6;2;8;2;9;024111
2016;27;13;2;4;11;11;4;6;3;1;6;1;2;4;9;4;033046
2011;12;7;9;15;4;5;15;6;5;13;13;6;15;14;15;6;069055
2005;1;12;7;5;10;12;10;10;12;11;5;7;10;1;13;15;002078
2013;2;13;11;2;13;2;15;5;7;11;1;7;10;14;4;3;061063
2001;29;10;1;15;14;11;3;2;2;9;11;12;8;14;6;12;024082
2009;28;4;6;14;2;5;13;3;7;8;12;6;2;12;6;3;018188
2006;48;12;3;1;9;11;12;9;8;9;8;12;3;8;11;5;019018
2001;43;2;9;13;14;14;2;1;8;12;14;7;11;8;5;9;069012
2019;32;1;13;10;15;14;5;1;11;4;15;4;5;6;15;1;048019
2013;38;5;11;5;10;10;1;7;8;12;11;3;14;14;4;3;059021
2003;52;9;15;4;14;6;15;10;1;11;2;4;13;7;8;11;056023
2007;50;2;1;8;9;9;10;7;10;4;12;15;2;4;12;15;004109
2009;19;6;7;5;13;13;11;10;7;3;8;3;12;8;10;7;001068
2007;25;13;1;10;4;5;13;1;15;7;5;5;5;5;15;8;044001
2011;29;11;13;6;9;11;10;9;2;5;9;11;6;8;8;11;031017
2019;36;10;7;5;9;1;8;9;10;10;1;13;13;5;3;8;085004
2010;38;10;7;7;14;9;15;2;11;1;1;12;10;1;5;11;026043
2017;48;7;7;10;8;10;1;12;7;14;15;2;9;9;14;12;001015
2006;34;15;14;6;1;8;3;3;9;9;9;2;13;14;10;9;076100
2000;20;14;6;14;5;7;9;4;2;10;15;6;5;14;10;3;070049
2001;21;3;11;2;2;6;15;12;13;4;9;13;2;9;8;2;024105
2011;7;3;2;1;8;11;8;3;4;5;13;13;15;13;3;10;060088
2014;49;5;13;2;2;3;13;2;2;6;4;6;14;10;12;10;065071
2015;7;4;7;9;14;7;14;1;6;3;9;14;2;9;1;7;019115
2002;35;14;14;5;14;11;1;4;10;9;11;10;15;3;8;6;005076
2009;32;10;15;9;9;1;4;3;9;9;12;8;8;10;2;13;087054
2006;3;7;5;8;5;3;15;15;9;3;8;11;5;11;15;2;078107
2000;45;12;13;9;10;12;2;1;12;13;11;13;14;11;10;2;041006
2013;8;8;12;5;1;15;5;6;7;1;3;10;15;10;2;13;057017
2007;48;11;7;10;3;14;8;6;4;5;1;8;12;11;4;6;017145
2020;34;12;7;9;2;4;7;3;6;11;12;4;9;4;12;5;092088
2006;34;11;7;14;4;9;7;11;8;9;3;11;6;7;15;7;103064
2013;3;3;8;10;5;9;3;11;8;8;14;9;1;9;10;8;013184
2004;29;4;5;4;9;10;3;8;11;7;15;4;14;9;13;1;016155
2002;1;5;9;11;1;9;9;14;11;2;1;10;4;14;4;5;008023
2008;5;1;7;9;10;7;3;15;11;13;1;5;3;8;10;4;076056
2002;21;3;4;6;15;4;3;10;4;4;1;11;12;13;12;9;035010
2017;21;11;14;3;14;6;2;6;8;2;5;3;4;15;10;12;071040
2002;51;5;13;10;11;8;4;7;12;2;15;3;12;12;12;6;098013
2011;14;15;4;7;8;1;9;14;7;6;4;5;9;12;12;11;033011
2007;40;4;4;5;13;8;13;15;11;8;5;1;9;13;2;12;052013
2007;6;2;12;9;6;15;11;2;5;7;11;6;14;15;7;9;028039
2019;37;15;8;13;7;8;5;11;15;9;4;9;5;5;3;13;072046
2004;51;3;4;4;6;2;2;15;1;11;2;13;4;15;10;1;093036
2016;29;7;5;3;13;9;1;10;3;7;13;4;2;14;15;5;055003
2012;13;11;10;2;9;8;6;8;15;9;14;14;6;7;11;13;085004
2000;13;14;3;13;14;4;7;6;3;13;10;6;8;13;9;11;107017
2011;13;10;3;6;8;15;4;3;3;4;10;10;5;2;9;12;080078
2007;19;1;13;4;1;14;14;6;2;13;11;8;15;13;3;11;056016
2009;48;11;5;13;15;5;10;5;2;3;14;13;2;10;6;8;060046
2015;33;13;13;15;15;6;5;5;14;10;15;12;8;11;13;7;071007
2013;46;6;15;9;2;4;13;15;14;9;6;2;14;15;13;13;073014
2020;16;12;7;5;7;6;6;14;2;2;8;6;2;2;10;10;034038
2020;17;3;7;10;10;3;14;6;7;8;15;11;8;11;6;7;061029
2016;24;2;12;7;1;6;11;4;12;1;5;12;14;5;15;13;098053
2015;42;9;11;9;15;15;5;12;12;13;2;10;13;1;14;2;021020
2003;12;15;14;3;3;3;12;11;4;7;6;7;12;7;5;15;018073
2000;10;4;11;4;12;1;3;4;9;5;8;1;8;14;8;14;082081
2010;24;11;14;5;11;2;10;4;9;9;6;13;8;3;13;7;001117
2007;33;9;15;2;5;8;2;8;11;7;12;12;2;1;2;9;006032
2002;10;11;12;6;11;9;15;7;3;15;12;13;5;12;1;15;013133
2003;28;1;12;9;10;14;1;8;11;15;5;7;15;3;15;13;076078
2001;30;6;13;9;4;13;12;9;6;9;5;13;2;10;3;8;057018
2017;15;2;15;7;12;8;13;4;10;12;11;15;1;1;9;2;089006
2000;33;1;8;1;3;9;1;2;6;13;8;10;5;2;11;1;017178
2016;39;7;14;1;3;3;9;1;14;1;11;15;5;13;12;3;053020
2000;51;15;13;13;9;10;4;13;8;14;14;5;4;1;7;11;061089
2007;23;12;14;1;14;15;2;9;15;8;15;9;14;14;13;13;013055
2007;46;14;1;11;13;11;3;12;13;14;4;8;3;9;1;14;094036
2018;26;12;12;8;11;2;12;13;15;4;12;12;10;2;1;14;063028
2017;40;6;10;6;10;10;15;13;1;4;2;8;3;5;8;3;069070
2003;42;14;6;6;1;9;4;2;1;11;10;4;6;13;14;15;047021
2005;43;13;7;3;15;9;8;11;6;6;7;8;8;15;11;15;089018
2019;29;11;15;8;3;2;14;9;8;6;14;3;2;12;1;12;092058
2009;46;12;14;6;10;11;11;12;14;15;6;15;12;10;4;2;063066
2000;14;6;5;12;2;11;8;13;10;15;11;11;8;3;9;1;023020
2006;39;13;1;5;14;1;13;14;10;9;3;9;15;13;2;11;022211
2000;37;5;10;9;12;13;1;15;14;5;13;1;8;4;11;1;016026
2014;10;4;9;8;8;6;12;5;11;12;8;15;7;5;5;11;039012
2003;50;7;9;6;3;14;4;2;11;15;5;14;7;7;9;4;052034
2004;18;3;4;1;3;15;11;12;15;8;10;13;4;10;9;8;023075
2001;14;4;15;13;13;12;13;9;11;11;2;7;10;1;8;15;071028
2015;11;6;11;11;12;7;11;7;11;2;15;1;6;15;6;6;085004
2015;12;14;10;5;4;7;5;6;12;13;11;2;6;13;2;6;050019
2018;24;4;1;10;15;6;4;2;2;6;4;6;15;3;12;10;095053
2005;45;9;10;11;15;5;11;11;10;13;2;3;6;6;11;3;014009
2000;48;5;1;5;1;1;10;1;12;5;8;5;7;8;12;3;087011
2016;21;12;9;4;8;1;5;4;3;8;3;8;1;1;9;14;001127
2006;44;15;8;5;5;11;12;2;1;11;9;15;10;9;7;12;086005
2017;49;14;2;9;7;4;1;8;14;5;11;6;12;4;14;10;097087
2015;18;9;15;14;14;7;5;12;9;13;7;13;8;2;5;7;001307
2004;26;13;11;8;3;1;6;6;11;6;14;11;14;14;13;14;041007
2005;37;6;13;12;5;6;9;14;6;1;6;6;13;7;1;7;099004
2012;19;4;12;13;6;3;8;7;14;13;14;6;9;7;12;4;048005
2003;4;1;8;10;1;11;7;4;8;15;10;1;3;1;3;5;060013
2010;23;12;11;5;4;12;10;13;4;12;12;15;7;4;3;14;092031
2018;6;15;15;10;11;8;3;9;5;3;11;8;3;7;15;9;001143
2002;13;7;3;8;4;8;11;13;6;5;7;2;13;14;9;8;106015
2008;19;12;9;13;12;4;12;6;3;14;13;1;4;3;1;12;006040
2009;25;12;6;1;11;5;14;1;13;11;6;13;12;10;7;13;057026